INSERT INTO role(id, name)
VALUES (1, 'CLIENT'),
       (2, 'MANAGER'),
       (3, 'ADMIN'),
       (4, 'OWNER');

INSERT INTO person(id, first_name, last_name, patronymic, email, password, passport_number_and_series)
VALUES ('1886c9b7-bdf4-4f14-a216-8655b8980001', 'Alex', 'Cord', null, 'cord.alex@gmail.com',
        '$2y$12$JbPo1bdZsKJ.mFY8G7tOHuHBGW17nqVqbOo8RwZbh.h1dFIR6cIEu', '8655 898006'),
       ('1886c9b7-bdf4-4f14-a216-8655b8980002', 'Mike', 'Birdperson', 'Rickovich',
        'person.and.bird.and.more@gmail.com', '$2y$12$GcEI/UKzmZGJ/jkUtlyRKeP.FO24ur1ZtIZ3jxlwu94c6tTeeeBoO', '8655 898007'),
       ('1886c9b7-bdf4-4f14-a216-8655b8980003', 'Bob', 'Stone', null, 'stobob@yandex.ru',
        '$2y$12$InDYUCXK7h80d1yiEX0FUeH7xM1lz2d86YQ83x0cj0aAVRX.NzthK', '8655 898008'),
       ('1886c9b7-bdf4-4f14-a216-8655b8980004', 'Savely', 'Litvinov', 'Igorevich', 'saliig@yandex.ru',
        '$2y$12$O4Z1lZqGjgG3gZsUZWyhAOh.RgQFXSljKQ82eYKm/HMHuRdT9e5su', '8655 898009'),
       ('1886c9b7-bdf4-4f14-a216-8655b8980005', 'Maxim', 'Filippov', 'Vladimirovich', 'mafivl@yahoo.com',
        '$2y$12$RpCWvU1iwWxBFtLoAIXON.zlWRDn7iLsZL.ghfItKiDkDqU92YiIm', '8655 898010'),
       ('1886c9b7-bdf4-4f14-a216-8655b8980006', 'Yulia', 'Egorova', 'Ivanovna', 'yuegiv@gmail.com',
        '$2y$12$VY0IQA3clkSF5K4yokzaiuqoxgqF74mdBsGsoNiTNGd4Dlyha.2Jq', '8655 898011'),
       ('1886c9b7-bdf4-4f14-a216-8655b8980007', 'Nikolay', 'Melnikov', 'Egorovich', 'nimeeg@yandex.ru',
        '$2y$12$Si8qW/cI0CX9QhX6ZYoeMuZ9NzoEUgyd9kbRKXdJt6nfy/.KlGLV2', '8655 898012'),
       ('1886c9b7-bdf4-4f14-a216-8655b8980008', 'Maria', 'Polyakova', 'Timofeevna', 'mapoti@mail.ru',
        '$2y$12$tlH.3hl8beffXEq1IpjEyumxYrlKtWIpE3tZSy5qQGinQYanmrVEK', '8655 898013'),
       ('1886c9b7-bdf4-4f14-a216-8655b8980009', 'Ksenia', 'Popova', 'Mikhailovna', 'poksmi@mail.ru',
        '$2y$12$lsNX4zLcOpmGLcU6s1Wk2uOthk46c7D87PBQcARCLR5sdcbcrr25u', '8655 898014'),
       ('1886c9b7-bdf4-4f14-a216-8655b8980010', 'Adam', 'Ponomarev', 'Demidovich', 'adpode@mail.ru',
        '$2y$12$KrSTkjVe1ZQYnU/4T8rcBu91YQ4UUa/lZiWL2nz8BAFCQLoidKShK', '8655 898015'),
       ('1886c9b7-bdf4-4f14-a216-8655b8980011', 'Senior', 'Kohan', null, 'kohan@gmail.com',
        '$2y$12$nWylY3QtINR.k1DnYqrVT.jP2O56SnK.0gyji7SO.l0M4IXQxqRHC', '8655 898016');

INSERT INTO person_role(id, person_id, role_id)
VALUES (1, '1886c9b7-bdf4-4f14-a216-8655b8980001', 1),
       (2, '1886c9b7-bdf4-4f14-a216-8655b8980002', 1),
       (3, '1886c9b7-bdf4-4f14-a216-8655b8980002', 2),
       (4, '1886c9b7-bdf4-4f14-a216-8655b8980003', 1),
       (5, '1886c9b7-bdf4-4f14-a216-8655b8980003', 2),
       (6, '1886c9b7-bdf4-4f14-a216-8655b8980003', 3),
       (7, '1886c9b7-bdf4-4f14-a216-8655b8980003', 4),
       (8, '1886c9b7-bdf4-4f14-a216-8655b8980004', 1),
       (9, '1886c9b7-bdf4-4f14-a216-8655b8980005', 1),
       (10, '1886c9b7-bdf4-4f14-a216-8655b8980006', 1),
       (11, '1886c9b7-bdf4-4f14-a216-8655b8980007', 1),
       (12, '1886c9b7-bdf4-4f14-a216-8655b8980008', 1),
       (13, '1886c9b7-bdf4-4f14-a216-8655b8980009', 1),
       (14, '1886c9b7-bdf4-4f14-a216-8655b8980010', 1),
       (15, '1886c9b7-bdf4-4f14-a216-8655b8980011', 3);

INSERT INTO loan(id, min_amount, max_amount, min_duration_months, max_duration_months, interest_rate)
VALUES ('1986c9b7-bdf4-4f14-a216-8655b8980051', 15000, 35000, 3, 30, 21),
       ('1986c9b7-bdf4-4f14-a216-8655b8980052', 80000, 100000, 3, 30, 16),
       ('1986c9b7-bdf4-4f14-a216-8655b8980053', 15000, 45000, 3, 30, 20);

INSERT INTO loan_case(id, client_id, loan_id, amount, duration_months, status_bank_side, status_client_side,
                      confirmation_date, closed)
VALUES ('1986c9b7-bdf4-4f14-a216-8655b8980041',
         '1886c9b7-bdf4-4f14-a216-8655b8980001',
         '1986c9b7-bdf4-4f14-a216-8655b8980051', 23000, 3, 'APPROVED', 'APPROVED', '2020-11-04', true),
        ('1986c9b7-bdf4-4f14-a216-8655b8980042',
         '1886c9b7-bdf4-4f14-a216-8655b8980002',
         '1986c9b7-bdf4-4f14-a216-8655b8980051', 20000, 3, 'APPROVED', 'APPROVED', '2020-03-18', false),
        ('1986c9b7-bdf4-4f14-a216-8655b8980043',
         '1886c9b7-bdf4-4f14-a216-8655b8980003',
         '1986c9b7-bdf4-4f14-a216-8655b8980052', 100000, 6, 'APPROVED', 'PENDING', null, false),
        ('1986c9b7-bdf4-4f14-a216-8655b8980044',
         '1886c9b7-bdf4-4f14-a216-8655b8980004',
         '1986c9b7-bdf4-4f14-a216-8655b8980052', 85000, 9, 'APPROVED', 'PENDING', null, false),
        ('1986c9b7-bdf4-4f14-a216-8655b8980045',
         '1886c9b7-bdf4-4f14-a216-8655b8980004',
         '1986c9b7-bdf4-4f14-a216-8655b8980053', 40000, 3, 'PENDING', 'APPROVED', null, false);

INSERT INTO payment(id, loan_case_id, order_number, date, amount, loan_repayment_amount, interest_repayment_amount, paid_out)
VALUES ('1986c9b7-bdf4-4f14-a216-8655b8980021', '1986c9b7-bdf4-4f14-a216-8655b8980041', 1, '2020-04-04',
        7936.55, 7534.05, 402.50, true),
       ('1986c9b7-bdf4-4f14-a216-8655b8980022', '1986c9b7-bdf4-4f14-a216-8655b8980041', 2, '2020-05-04',
        7936.55, 7665.90, 270.65, true),
       ('1986c9b7-bdf4-4f14-a216-8655b8980023', '1986c9b7-bdf4-4f14-a216-8655b8980041', 3, '2020-06-04',
        7936.55, 7800.05, 136.50, true),
       ('1986c9b7-bdf4-4f14-a216-8655b8980024', '1986c9b7-bdf4-4f14-a216-8655b8980042', 1, '2020-03-11',
        6901.35, 6551.35, 350.00, true),
       ('1986c9b7-bdf4-4f14-a216-8655b8980025', '1986c9b7-bdf4-4f14-a216-8655b8980042', 2, '2020-04-11',
        6901.35, 6666.00, 235.35, true),
       ('1986c9b7-bdf4-4f14-a216-8655b8980026', '1986c9b7-bdf4-4f14-a216-8655b8980042', 3, '2020-05-11',
        6901.35, 6782.65, 118.70, false),
       ('1986c9b7-bdf4-4f14-a216-8655b8980027', '1986c9b7-bdf4-4f14-a216-8655b8980043', 1, null,
        17453.03, 16119.70, 1333.33, false),
       ('1986c9b7-bdf4-4f14-a216-8655b8980028', '1986c9b7-bdf4-4f14-a216-8655b8980043', 2, null,
        17453.03, 16334.62, 1118.40, false),
       ('1986c9b7-bdf4-4f14-a216-8655b8980029', '1986c9b7-bdf4-4f14-a216-8655b8980043', 3, null,
        17453.03, 16552.42, 900.61, false),
       ('1986c9b7-bdf4-4f14-a216-8655b8980030', '1986c9b7-bdf4-4f14-a216-8655b8980043', 4, null,
        17453.03, 16773.12, 679.91, false),
       ('1986c9b7-bdf4-4f14-a216-8655b8980031', '1986c9b7-bdf4-4f14-a216-8655b8980043', 5, null,
        17453.03, 16996.76, 456.27, false),
       ('1986c9b7-bdf4-4f14-a216-8655b8980032', '1986c9b7-bdf4-4f14-a216-8655b8980043', 6, null,
        17453.03, 17223.38, 229.65, false),
       ('1986c9b7-bdf4-4f14-a216-8655b8980033', '1986c9b7-bdf4-4f14-a216-8655b8980044', 1, null,
        10085.19, 8951.86, 1133.33, false),
       ('1986c9b7-bdf4-4f14-a216-8655b8980034', '1986c9b7-bdf4-4f14-a216-8655b8980044', 2, null,
        10085.19, 9071.22, 1013.98, false),
       ('1986c9b7-bdf4-4f14-a216-8655b8980035', '1986c9b7-bdf4-4f14-a216-8655b8980044', 3, null,
        10085.19, 9192.17, 893.03, false),
       ('1986c9b7-bdf4-4f14-a216-8655b8980036', '1986c9b7-bdf4-4f14-a216-8655b8980044', 4, null,
        10085.19, 9314.73, 770.46, false),
       ('1986c9b7-bdf4-4f14-a216-8655b8980037', '1986c9b7-bdf4-4f14-a216-8655b8980044', 5, null,
        10085.19, 9438.92, 646.27, false),
       ('1986c9b7-bdf4-4f14-a216-8655b8980038', '1986c9b7-bdf4-4f14-a216-8655b8980044', 6, null,
        10085.19, 9564.78, 520.41, false),
       ('1986c9b7-bdf4-4f14-a216-8655b8980039', '1986c9b7-bdf4-4f14-a216-8655b8980044', 7, null,
        10085.19, 9692.31, 392.88, false),
       ('1986c9b7-bdf4-4f14-a216-8655b8980040', '1986c9b7-bdf4-4f14-a216-8655b8980044', 8, null,
        10085.19, 9821.54, 263.65, false),
       ('1986c9b7-bdf4-4f14-a216-8655b8980041', '1986c9b7-bdf4-4f14-a216-8655b8980044', 9, null,
        10085.19, 9952.49, 132.7, false),
       ('1986c9b7-bdf4-4f14-a216-8655b8980042', '1986c9b7-bdf4-4f14-a216-8655b8980045', 1, null,
        13780.23, 13113.56, 666.67, false),
       ('1986c9b7-bdf4-4f14-a216-8655b8980043', '1986c9b7-bdf4-4f14-a216-8655b8980045', 2, null,
        13780.23, 13332.12, 448.11, false),
       ('1986c9b7-bdf4-4f14-a216-8655b8980044', '1986c9b7-bdf4-4f14-a216-8655b8980045', 3, null,
        13780.23, 13554.32, 225.91, false);
